Model,BFI,BFI,BFI,BFI,BFI,EPQ-R,EPQ-R,EPQ-R,EPQ-R,DTDD,DTDD,DTDD,BSRI,BSRI,ECR-R,ECR-R,EIS,Empathy,GSE,ICB,LMS,LMS,LMS,LOT-R,WLEIS,WLEIS,WLEIS,WLEIS,CABIN,CABIN,CABIN,CABIN,CABIN,CABIN,CABIN,CABIN,CABIN,CABIN,CABIN,CABIN,CABIN,CABIN,CABIN,CABIN,CABIN,CABIN,CABIN,CABIN,CABIN,CABIN,CABIN,CABIN,CABIN,CABIN,CABIN,CABIN,CABIN,CABIN,CABIN,CABIN,CABIN,CABIN,CABIN,CABIN,CABIN,CABIN,CABIN,CABIN,CABIN
,Extraversion,Agreeableness,Conscientiousness,Neuroticism,Openness,Extraversion,Pschoticism,Neuroticism,Lying,Machiavellianism,Psychopathy,Narcissism,Masculine,Feminine,Attachment-related Anxiety,Attachment-related Avoidance,Overall,Overall,Overall,Overall,Factor rich,Factor motivator,Factor important,Overall,SEA,OEA,UOE,ROE,Mechanics/Electronics,Construction/WoodWork,Transportation/Machine Operation,Physical/Manual Labor,Protective Service,Agriculture,Nature/Outdoors,Animal Service,Athletics,Engineering,Physical Science,Life Science,Medical Science,Social Science,Humanities,Mathematics/Statistics,Information Technology,Visual Arts,Applied Arts and Design,Performing Arts,Music,Writing,Media,Culinary Art,Teaching/Education,Social Service,Health Care Service,Religious Activities,Personal Service,Professional Advising,Business Iniatives,Sales,Marketing/Advertising,Finance,Accounting,Human Resources,Office Work,Management/Administration,Public Speaking,Politics,Law
Qwen2.5-7B-FP16,4.5 짹 0.1,4.5 짹 0.1,4.7 짹 0.1,1.8 짹 0.3,4.3 짹 0.3,17.6 짹 2.6,7.0 짹 2.1,17.2 짹 2.3,13.1 짹 1.2,4.8 짹 2.3,5.5 짹 1.4,6.1 짹 1.5,5.3 짹 0.8,4.8 짹 0.5,3.5 짹 0.5,1.9 짹 0.2,138.8 짹 4.4,5.8 짹 0.1,37.8 짹 0.4,3.3 짹 1.0,4.0 짹 0.7,4.3 짹 0.3,4.7 짹 0.3,19.0 짹 4.1,6.2 짹 0.4,5.3 짹 0.3,6.6 짹 0.4,6.0 짹 0.3,3.6 짹 0.4,3.9 짹 0.1,2.9 짹 0.9,2.6 짹 0.4,2.1 짹 0.4,3.8 짹 0.0,4.2 짹 0.0,4.6 짹 0.1,4.8 짹 0.3,4.6 짹 0.4,4.1 짹 0.4,4.5 짹 0.3,4.5 짹 0.3,4.5 짹 0.0,4.4 짹 0.4,4.8 짹 0.0,4.5 짹 0.0,4.2 짹 0.3,5.0 짹 0.0,4.3 짹 0.3,4.6 짹 0.1,4.6 짹 0.4,4.8 짹 0.3,4.6 짹 0.1,4.9 짹 0.1,4.9 짹 0.1,4.1 짹 0.3,4.4 짹 0.1,4.5 짹 0.2,4.9 짹 0.1,4.2 짹 0.2,4.8 짹 0.3,4.8 짹 0.3,4.2 짹 0.3,3.9 짹 0.1,4.1 짹 0.4,3.8 짹 0.0,4.2 짹 0.5,4.8 짹 0.3,4.2 짹 0.8,4.9 짹 0.1
Qwen2.5-7B-BNB-4bit,4.7 짹 0.2,4.8 짹 0.0,4.7 짹 0.0,1.2 짹 0.1,4.2 짹 0.1,17.2 짹 0.8,6.0 짹 1.5,17.6 짹 2.5,10.9 짹 4.0,6.0 짹 1.5,7.4 짹 0.9,6.2 짹 1.8,5.3 짹 0.7,4.7 짹 0.5,3.7 짹 0.2,1.9 짹 0.2,151.3 짹 6.2,5.9 짹 0.2,36.4 짹 0.9,4.5 짹 0.2,3.9 짹 0.2,4.3 짹 0.3,4.7 짹 0.3,21.9 짹 2.2,5.8 짹 0.5,4.6 짹 0.4,6.4 짹 0.6,5.9 짹 0.4,2.7 짹 1.8,4.4 짹 0.4,2.5 짹 0.3,2.2 짹 0.2,2.0 짹 0.8,3.6 짹 0.4,4.8 짹 0.0,4.6 짹 0.2,4.5 짹 0.3,4.5 짹 0.5,3.7 짹 0.1,4.8 짹 0.0,4.6 짹 0.1,4.1 짹 0.1,4.1 짹 0.2,4.7 짹 0.2,4.4 짹 0.1,4.5 짹 0.5,4.8 짹 0.3,3.6 짹 0.1,4.5 짹 0.2,4.7 짹 0.3,4.6 짹 0.4,4.5 짹 0.0,4.8 짹 0.3,4.9 짹 0.1,3.7 짹 0.4,4.1 짹 0.1,4.4 짹 0.1,4.9 짹 0.1,4.4 짹 0.1,4.0 짹 0.2,4.5 짹 0.1,4.1 짹 0.1,3.8 짹 0.0,4.0 짹 0.3,3.2 짹 0.6,4.0 짹 0.1,4.6 짹 0.4,4.5 짹 0.3,4.6 짹 0.4
Qwen2.5-7B-GPTQ-INT4,4.5 짹 0.0,4.7 짹 0.1,4.7 짹 0.2,1.8 짹 0.1,3.8 짹 0.1,13.0 짹 8.2,5.0 짹 1.0,18.0 짹 1.0,12.5 짹 2.6,7.9 짹 0.4,6.4 짹 0.1,5.2 짹 2.8,5.3 짹 0.7,4.2 짹 0.6,4.0 짹 0.6,1.6 짹 0.5,154.5 짹 2.6,6.1 짹 0.4,39.5 짹 0.5,4.3 짹 0.6,4.2 짹 0.2,4.7 짹 0.3,5.0 짹 0.0,19.9 짹 3.0,7.0 짹 0.0,5.0 짹 0.3,7.0 짹 0.0,6.8 짹 0.3,3.4 짹 0.4,4.1 짹 0.4,3.1 짹 0.4,3.1 짹 0.4,1.9 짹 0.6,3.4 짹 0.4,4.0 짹 0.3,4.4 짹 0.1,4.1 짹 0.4,4.2 짹 0.0,3.2 짹 0.5,4.0 짹 0.5,3.9 짹 0.4,4.1 짹 0.4,3.9 짹 0.6,4.4 짹 0.4,4.2 짹 0.3,4.3 짹 0.2,4.9 짹 0.1,4.4 짹 0.1,4.0 짹 0.5,4.2 짹 0.5,4.5 짹 0.0,4.2 짹 0.3,4.5 짹 0.0,4.6 짹 0.1,3.8 짹 0.3,3.4 짹 0.6,4.5 짹 0.3,4.8 짹 0.3,4.0 짹 0.0,4.2 짹 0.0,4.5 짹 0.0,4.0 짹 0.5,3.9 짹 0.4,3.9 짹 0.1,3.6 짹 0.4,4.1 짹 0.4,4.6 짹 0.1,3.2 짹 1.5,4.2 짹 0.3
Qwen2.5-7B-AWQ,4.5 짹 0.0,4.6 짹 0.1,4.6 짹 0.1,1.6 짹 0.3,4.1 짹 0.1,10.5 짹 7.7,14.0 짹 8.2,16.0 짹 1.0,9.0 짹 4.1,7.5 짹 0.0,4.5 짹 2.1,4.5 짹 2.1,5.8 짹 0.4,4.8 짹 0.2,3.5 짹 0.4,2.1 짹 0.2,145.0 짹 7.2,5.7 짹 0.1,36.0 짹 1.0,2.6 짹 0.2,3.2 짹 1.2,4.7 짹 0.3,4.2 짹 0.2,20.0 짹 1.0,6.8 짹 0.3,5.4 짹 0.4,5.9 짹 0.9,6.3 짹 0.2,3.5 짹 0.3,4.1 짹 0.1,3.1 짹 0.4,3.0 짹 0.0,2.5 짹 0.5,3.9 짹 0.4,4.1 짹 0.1,4.6 짹 0.1,4.2 짹 0.3,4.4 짹 0.4,3.8 짹 1.0,4.4 짹 0.1,4.5 짹 0.3,4.2 짹 0.3,4.5 짹 0.3,4.7 짹 0.3,4.5 짹 0.1,4.1 짹 0.1,4.8 짹 0.3,3.8 짹 0.3,4.2 짹 0.0,4.1 짹 0.1,4.6 짹 0.2,4.3 짹 0.1,4.7 짹 0.3,4.9 짹 0.1,4.2 짹 0.3,4.1 짹 0.1,4.6 짹 0.2,5.0 짹 0.2,4.1 짹 0.1,4.4 짹 0.2,4.6 짹 0.2,4.2 짹 0.3,3.5 짹 0.3,4.1 짹 0.1,3.8 짹 0.0,4.1 짹 0.2,4.6 짹 0.4,3.7 짹 0.8,3.9 짹 0.1
Qwen2.5-7B-2:4-Sparse,3.1 짹 0.4,3.1 짹 0.2,3.2 짹 0.2,2.8 짹 0.2,3.4 짹 0.4,9.0 짹 6.2,18.0 짹 1.0,5.5 짹 5.6,12.5 짹 2.6,2.8 짹 0.3,4.6 짹 1.9,4.5 짹 1.5,4.9 짹 0.9,4.5 짹 0.8,2.6 짹 0.1,2.9 짹 0.9,120.5 짹 0.5,4.3 짹 0.3,39.0 짹 1.0,3.2 짹 1.0,3.8 짹 0.2,3.8 짹 0.2,3.5 짹 0.5,16.0 짹 5.1,4.5 짹 0.5,4.5 짹 0.5,4.5 짹 0.5,4.5 짹 0.5,3.0 짹 0.0,3.1 짹 0.1,2.8 짹 0.3,2.6 짹 0.1,2.5 짹 0.5,2.9 짹 0.1,3.0 짹 0.0,3.0 짹 0.0,3.2 짹 0.3,3.0 짹 0.0,2.5 짹 0.5,2.9 짹 0.1,2.8 짹 0.3,2.6 짹 0.1,3.0 짹 0.0,3.4 짹 0.4,3.2 짹 0.3,3.2 짹 0.3,3.2 짹 0.3,3.0 짹 0.0,3.4 짹 0.4,3.1 짹 0.1,3.2 짹 0.3,3.2 짹 0.3,3.0 짹 0.0,3.0 짹 0.0,3.0 짹 0.0,3.0 짹 0.0,3.0 짹 0.0,3.0 짹 0.0,3.4 짹 0.4,3.1 짹 0.1,3.0 짹 0.0,3.0 짹 0.0,2.9 짹 0.1,3.0 짹 0.0,2.9 짹 0.1,3.2 짹 0.3,3.5 짹 0.5,3.5 짹 0.5,3.5 짹 0.5
Qwen2.5-7B-Unstructured-Sparse,4.5 짹 0.4,4.7 짹 0.1,4.2 짹 0.3,2.1 짹 0.3,4.2 짹 0.5,8.0 짹 4.1,18.5 짹 0.5,6.0 짹 3.1,13.5 짹 1.5,3.6 짹 1.2,5.0 짹 1.5,4.0 짹 1.0,4.9 짹 1.2,5.1 짹 0.4,2.3 짹 0.6,1.2 짹 0.1,146.0 짹 2.1,5.5 짹 0.1,40.0 짹 0.0,4.1 짹 0.2,4.0 짹 0.0,4.3 짹 0.3,4.5 짹 0.5,21.0 짹 2.1,6.8 짹 0.3,6.2 짹 0.8,5.9 짹 0.4,6.8 짹 0.3,4.6 짹 0.4,4.4 짹 0.1,3.9 짹 0.9,3.8 짹 0.8,3.5 짹 1.5,4.5 짹 0.5,4.8 짹 0.3,4.6 짹 0.1,4.8 짹 0.0,4.9 짹 0.1,4.1 짹 0.9,4.4 짹 0.6,4.4 짹 0.6,4.4 짹 0.6,4.6 짹 0.4,4.6 짹 0.4,4.2 짹 0.8,4.6 짹 0.1,4.9 짹 0.1,4.9 짹 0.1,4.6 짹 0.4,5.0 짹 0.0,4.8 짹 0.3,4.6 짹 0.4,4.8 짹 0.3,4.9 짹 0.1,4.2 짹 0.8,4.8 짹 0.3,4.5 짹 0.5,4.8 짹 0.3,4.8 짹 0.3,4.8 짹 0.3,4.6 짹 0.4,4.5 짹 0.5,4.2 짹 0.8,4.8 짹 0.3,4.1 짹 0.9,5.0 짹 0.0,4.9 짹 0.1,4.0 짹 1.0,5.0 짹 0.0
Qwen2.5-14B-FP16,3.3 짹 0.3,3.6 짹 0.6,3.8 짹 0.8,2.3 짹 0.7,3.6 짹 0.7,5.0 짹 3.1,2.0 짹 0.0,3.5 짹 1.5,19.0 짹 1.0,3.4 짹 1.4,3.6 짹 1.7,4.8 짹 1.8,3.5 짹 0.3,3.1 짹 0.9,3.0 짹 1.0,1.9 짹 0.6,102.5 짹 3.6,5.4 짹 0.2,36.5 짹 3.6,4.8 짹 0.1,4.0 짹 0.7,3.3 짹 0.3,3.8 짹 0.9,24.0 짹 0.0,4.9 짹 0.9,4.4 짹 0.4,4.5 짹 0.6,4.8 짹 0.8,2.9 짹 0.1,3.4 짹 0.6,2.6 짹 0.4,2.0 짹 0.0,2.0 짹 0.5,3.2 짹 0.3,3.8 짹 0.2,4.4 짹 0.2,4.2 짹 0.5,4.2 짹 0.2,3.6 짹 0.6,3.4 짹 0.4,3.5 짹 0.5,3.6 짹 0.6,3.9 짹 0.9,3.9 짹 0.5,3.6 짹 0.4,4.1 짹 0.9,4.0 짹 0.8,3.1 짹 0.2,4.0 짹 0.4,4.5 짹 0.6,3.6 짹 0.2,4.1 짹 0.6,4.1 짹 0.1,4.5 짹 0.5,3.4 짹 0.4,3.2 짹 0.3,3.5 짹 0.5,4.2 짹 0.4,3.9 짹 0.1,3.9 짹 0.1,3.9 짹 0.1,3.9 짹 0.1,2.8 짹 0.3,3.2 짹 0.3,2.8 짹 0.3,3.3 짹 0.2,4.1 짹 0.4,2.9 짹 0.4,3.8 짹 0.2
Qwen2.5-14B-BNB-4bit,3.0 짹 0.0,3.2 짹 0.2,3.2 짹 0.2,2.9 짹 0.1,3.4 짹 0.4,3.0 짹 0.0,11.9 짹 7.2,0.5 짹 0.5,17.5 짹 2.6,4.1 짹 0.6,6.4 짹 1.2,3.1 짹 0.6,3.3 짹 0.1,3.5 짹 1.3,3.4 짹 0.3,3.4 짹 0.8,128.5 짹 0.5,5.6 짹 0.1,34.5 짹 5.6,1.9 짹 0.4,2.8 짹 0.5,3.0 짹 0.7,3.2 짹 0.2,18.5 짹 2.6,5.5 짹 0.5,5.3 짹 0.3,5.3 짹 0.3,5.2 짹 0.3,3.0 짹 0.0,3.9 짹 0.1,3.1 짹 0.1,2.6 짹 0.4,2.4 짹 0.1,3.2 짹 0.3,3.9 짹 0.1,4.1 짹 0.1,4.1 짹 0.1,4.0 짹 0.0,3.6 짹 0.4,3.5 짹 0.5,3.7 짹 0.3,4.0 짹 0.0,3.8 짹 0.3,3.4 짹 0.4,3.5 짹 0.5,4.0 짹 1.0,3.6 짹 0.6,3.1 짹 0.1,3.6 짹 0.7,4.0 짹 1.0,3.6 짹 0.6,3.6 짹 0.6,4.0 짹 0.0,4.1 짹 0.1,3.6 짹 0.6,3.0 짹 0.0,3.4 짹 0.4,4.0 짹 0.0,3.1 짹 0.1,3.4 짹 0.4,3.2 짹 0.3,3.2 짹 0.3,3.0 짹 0.0,3.2 짹 0.3,3.0 짹 0.0,3.1 짹 0.1,3.8 짹 0.3,2.9 짹 0.1,3.2 짹 0.3
Qwen2.5-14B-GPTQ-INT4,3.0 짹 0.0,3.0 짹 0.0,3.0 짹 0.0,3.0 짹 0.0,3.0 짹 0.0,12.5 짹 9.7,11.6 짹 7.6,2.0 짹 2.1,14.0 짹 1.0,2.4 짹 1.4,2.1 짹 1.2,2.6 짹 1.7,4.6 짹 0.9,3.0 짹 1.0,3.0 짹 0.0,2.8 짹 0.2,132.0 짹 33.9,6.1 짹 0.9,35.0 짹 1.0,4.4 짹 0.6,4.2 짹 0.2,4.5 짹 0.5,4.8 짹 0.2,23.0 짹 1.0,5.6 짹 0.6,4.4 짹 0.4,6.0 짹 1.0,5.4 짹 0.4,2.5 짹 0.3,3.5 짹 0.8,2.6 짹 0.4,2.0 짹 0.0,2.6 짹 0.6,3.9 짹 0.6,4.1 짹 0.6,4.1 짹 0.4,4.1 짹 0.6,3.9 짹 0.1,3.9 짹 0.1,3.5 짹 0.5,3.8 짹 0.3,4.0 짹 0.0,3.9 짹 0.1,3.4 짹 0.4,3.2 짹 0.3,3.5 짹 0.5,3.5 짹 0.5,2.8 짹 0.3,3.4 짹 0.4,3.2 짹 0.3,3.6 짹 0.1,3.8 짹 0.3,4.0 짹 0.0,4.0 짹 0.0,3.6 짹 0.4,3.5 짹 0.5,3.9 짹 0.1,4.0 짹 0.0,3.5 짹 0.5,3.5 짹 0.5,3.6 짹 0.4,3.5 짹 0.5,2.5 짹 0.5,2.9 짹 0.1,2.8 짹 0.3,3.1 짹 0.4,3.9 짹 0.1,3.0 짹 0.3,3.5 짹 0.5
Qwen2.5-14B-AWQ,3.4 짹 0.4,3.9 짹 0.9,3.8 짹 0.9,2.2 짹 0.8,4.0 짹 1.0,19.5 짹 1.5,4.0 짹 1.0,5.0 짹 3.1,18.5 짹 0.5,1.0 짹 0.0,1.0 짹 0.0,1.0 짹 0.0,4.5 짹 0.0,4.8 짹 0.4,3.5 짹 0.4,3.1 짹 0.3,126.5 짹 23.1,5.8 짹 0.1,39.5 짹 0.5,1.9 짹 0.1,4.3 짹 0.3,3.8 짹 0.5,4.8 짹 0.2,24.0 짹 0.0,4.5 짹 1.5,4.4 짹 1.4,4.5 짹 1.5,4.4 짹 1.4,3.1 짹 0.4,3.1 짹 0.1,3.4 짹 0.4,3.1 짹 0.1,3.2 짹 0.8,3.5 짹 0.5,3.0 짹 0.0,3.6 짹 0.1,3.6 짹 0.4,3.6 짹 0.4,4.0 짹 0.0,3.5 짹 0.5,4.0 짹 0.0,3.6 짹 0.4,3.9 짹 0.1,3.2 짹 0.3,3.4 짹 0.4,3.5 짹 0.5,3.5 짹 0.5,3.5 짹 0.5,3.1 짹 0.1,3.5 짹 0.5,3.4 짹 0.4,3.5 짹 0.5,3.1 짹 0.1,3.6 짹 0.6,3.5 짹 0.5,3.2 짹 0.3,3.4 짹 0.4,3.4 짹 0.4,3.5 짹 0.5,3.4 짹 0.4,3.4 짹 0.4,3.4 짹 0.4,3.2 짹 0.3,3.4 짹 0.4,3.4 짹 0.4,3.4 짹 0.4,3.2 짹 0.3,3.1 짹 0.1,3.2 짹 0.3
Qwen2.5-14B-Trim,3.4 짹 0.4,4.0 짹 1.0,4.0 짹 1.0,2.0 짹 1.0,3.9 짹 0.9,2.2 짹 3.5,4.3 짹 2.5,4.5 짹 0.6,19.8 짹 1.1,3.2 짹 1.3,3.0 짹 1.0,4.0 짹 1.0,3.5 짹 0.3,3.3 짹 0.8,2.9 짹 1.1,2.1 짹 0.6,102.5 짹 3.6,5.5 짹 0.1,36.0 짹 3.1,3.4 짹 1.5,4.2 짹 0.9,3.5 짹 0.5,3.5 짹 0.5,24.0 짹 0.0,5.6 짹 0.2,4.8 짹 0.2,5.9 짹 1.1,5.7 짹 0.3,2.7 짹 0.3,3.6 짹 0.4,2.9 짹 0.1,2.0 짹 0.0,1.9 짹 0.4,3.2 짹 0.3,3.8 짹 0.3,4.1 짹 0.1,4.1 짹 0.6,4.0 짹 0.0,3.5 짹 0.5,3.2 짹 0.2,3.5 짹 0.5,3.5 짹 0.5,3.5 짹 0.5,3.4 짹 0.4,3.2 짹 0.3,3.8 짹 0.8,3.9 짹 0.9,4.0 짹 1.0,3.9 짹 0.9,4.0 짹 1.0,4.0 짹 0.5,3.9 짹 0.4,4.0 짹 0.0,4.1 짹 0.1,3.1 짹 0.1,3.1 짹 0.1,3.4 짹 0.4,3.5 짹 0.5,3.8 짹 0.3,3.9 짹 0.1,3.6 짹 0.4,3.4 짹 0.4,3.0 짹 0.0,3.2 짹 0.2,3.0 짹 0.0,3.1 짹 0.1,4.2 짹 0.3,3.5 짹 0.3,3.9 짹 0.1
Qwen2.5-14B-2:4-Sparse,4.2 짹 0.0,4.6 짹 0.1,4.6 짹 0.2,1.3 짹 0.1,4.3 짹 0.5,20.0 짹 2.1,7.5 짹 3.5,20.7 짹 1.9,11.1 짹 6.3,8.1 짹 0.1,8.1 짹 0.1,8.0 짹 0.0,4.8 짹 0.0,4.2 짹 0.1,3.5 짹 0.4,3.5 짹 0.5,133.0 짹 2.1,5.7 짹 0.0,40.0 짹 0.0,4.9 짹 0.1,3.5 짹 0.2,4.0 짹 0.3,4.0 짹 0.0,20.0 짹 1.0,6.2 짹 0.3,5.6 짹 0.4,6.2 짹 0.8,6.4 짹 0.1,3.4 짹 0.1,3.2 짹 0.3,3.5 짹 0.5,3.0 짹 0.0,3.2 짹 0.3,3.5 짹 0.5,3.2 짹 0.3,3.9 짹 0.1,3.6 짹 0.6,3.5 짹 0.5,3.5 짹 0.5,3.6 짹 0.6,3.5 짹 0.5,3.5 짹 0.5,3.5 짹 0.5,3.5 짹 0.5,3.4 짹 0.4,4.4 짹 0.4,4.0 짹 0.0,4.5 짹 0.5,4.4 짹 0.4,4.5 짹 0.5,4.2 짹 0.3,4.4 짹 0.4,4.0 짹 0.0,4.0 짹 0.0,4.2 짹 0.3,4.0 짹 0.0,4.1 짹 0.1,4.0 짹 0.0,3.5 짹 0.3,3.4 짹 0.4,3.2 짹 0.3,3.4 짹 0.4,3.1 짹 0.1,3.4 짹 0.4,3.1 짹 0.1,3.8 짹 0.3,4.1 짹 0.1,3.8 짹 0.3,4.0 짹 0.0
Qwen2.5-14B-Unstructured-Sparse,3.9 짹 0.5,4.7 짹 0.2,4.6 짹 0.0,1.6 짹 0.2,4.4 짹 0.2,16.5 짹 0.5,4.0 짹 0.0,14.5 짹 4.6,17.0 짹 0.0,3.5 짹 1.5,3.9 짹 2.2,4.8 짹 0.8,4.7 짹 0.6,4.6 짹 1.2,2.6 짹 0.3,2.7 짹 0.6,99.5 짹 0.5,5.1 짹 0.2,40.0 짹 0.0,2.8 짹 0.5,3.3 짹 0.0,3.7 짹 0.7,4.3 짹 0.3,22.5 짹 1.5,6.5 짹 0.5,6.0 짹 1.0,6.6 짹 0.4,6.4 짹 0.6,3.6 짹 0.6,4.2 짹 0.5,3.5 짹 0.5,3.5 짹 0.5,3.2 짹 0.3,3.9 짹 0.1,3.9 짹 0.1,4.1 짹 0.1,4.0 짹 0.0,4.0 짹 0.0,4.0 짹 0.0,4.0 짹 0.0,3.9 짹 0.1,4.0 짹 0.0,4.0 짹 0.0,4.0 짹 0.0,4.0 짹 0.0,4.5 짹 0.5,4.1 짹 0.1,4.2 짹 0.3,4.4 짹 0.4,4.4 짹 0.4,4.1 짹 0.1,4.2 짹 0.3,4.0 짹 0.0,4.0 짹 0.0,4.0 짹 0.0,3.8 짹 0.3,3.9 짹 0.1,4.0 짹 0.0,3.6 짹 0.4,3.8 짹 0.3,3.9 짹 0.1,3.9 짹 0.1,3.5 짹 0.5,3.6 짹 0.4,3.5 짹 0.5,3.6 짹 0.4,3.9 짹 0.1,3.2 짹 0.0,3.9 짹 0.1
Qwen2.5-32B-FP16,3.1 짹 0.1,4.6 짹 0.2,4.4 짹 0.1,1.9 짹 0.6,3.9 짹 0.2,13.5 짹 2.6,13.0 짹 0.0,6.0 짹 1.0,11.0 짹 2.1,5.0 짹 0.0,5.0 짹 0.0,5.4 짹 0.4,4.2 짹 0.2,3.8 짹 0.6,3.7 짹 0.3,3.5 짹 0.2,113.5 짹 14.9,6.2 짹 0.9,37.0 짹 0.0,4.3 짹 0.1,3.5 짹 0.2,3.0 짹 0.0,3.8 짹 0.2,19.6 짹 0.5,5.4 짹 0.6,4.6 짹 0.4,5.5 짹 0.5,4.8 짹 0.0,3.0 짹 0.0,4.0 짹 0.3,2.8 짹 0.3,2.6 짹 0.4,2.3 짹 0.5,3.9 짹 0.4,4.5 짹 0.3,4.6 짹 0.1,4.4 짹 0.4,4.3 짹 0.5,4.2 짹 0.6,4.0 짹 0.2,3.9 짹 0.4,4.2 짹 0.9,4.2 짹 0.6,4.3 짹 0.5,3.6 짹 0.9,4.4 짹 0.4,4.0 짹 0.2,4.2 짹 0.8,4.5 짹 0.5,4.8 짹 0.3,4.6 짹 0.1,4.6 짹 0.1,4.9 짹 0.1,5.0 짹 0.0,4.0 짹 0.0,3.6 짹 0.4,3.9 짹 0.4,4.5 짹 0.5,4.0 짹 0.0,3.9 짹 0.1,3.8 짹 0.0,3.4 짹 0.4,2.5 짹 0.5,3.3 짹 0.3,2.4 짹 0.4,3.4 짹 0.4,4.2 짹 0.1,3.3 짹 0.1,3.9 짹 0.1
Qwen2.5-32B-BNB-4bit,3.0 짹 0.0,3.3 짹 0.3,3.3 짹 0.3,2.9 짹 0.1,3.0 짹 0.0,18.0 짹 3.1,4.5 짹 0.5,5.0 짹 2.1,13.0 짹 3.1,5.0 짹 0.0,5.0 짹 0.0,5.0 짹 0.0,4.2 짹 0.4,3.8 짹 0.5,4.0 짹 0.0,3.9 짹 0.1,99.0 짹 0.0,5.3 짹 0.7,38.5 짹 1.5,4.4 짹 0.1,3.7 짹 0.3,3.2 짹 0.2,4.2 짹 0.5,21.5 짹 2.6,4.9 짹 0.1,4.0 짹 0.3,5.4 짹 0.4,5.0 짹 0.3,3.0 짹 0.0,3.7 짹 0.2,3.0 짹 0.0,3.0 짹 0.0,3.1 짹 0.1,3.4 짹 0.4,4.0 짹 0.3,4.8 짹 0.4,4.4 짹 0.3,4.2 짹 0.4,4.5 짹 0.6,4.0 짹 0.2,4.0 짹 0.2,4.2 짹 0.4,4.3 짹 0.5,3.8 짹 0.2,3.5 짹 0.5,4.0 짹 1.0,3.8 짹 0.8,3.9 짹 0.9,3.8 짹 0.8,4.0 짹 1.0,4.0 짹 0.8,4.5 짹 0.4,4.2 짹 0.4,4.8 짹 0.4,4.2 짹 0.4,3.1 짹 0.1,3.6 짹 0.2,4.1 짹 0.3,3.4 짹 0.4,3.4 짹 0.4,3.2 짹 0.3,3.4 짹 0.4,2.9 짹 0.1,3.2 짹 0.3,2.9 짹 0.1,3.2 짹 0.3,3.5 짹 0.5,3.1 짹 0.1,3.5 짹 0.5
Qwen2.5-32B-GPTQ-INT4,3.2 짹 0.2,4.2 짹 0.3,4.2 짹 0.2,2.3 짹 0.2,4.0 짹 0.2,18.0 짹 2.1,7.0 짹 4.1,15.0 짹 1.0,7.0 짹 3.1,5.0 짹 0.0,5.0 짹 0.0,5.0 짹 0.0,4.3 짹 0.3,4.0 짹 0.7,3.7 짹 0.3,3.5 짹 0.2,114.6 짹 16.0,5.0 짹 0.5,39.5 짹 0.5,4.2 짹 0.3,3.5 짹 0.2,3.2 짹 0.2,4.3 짹 0.7,16.0 짹 4.1,4.9 짹 0.1,4.8 짹 0.3,5.0 짹 0.0,5.0 짹 0.1,2.2 짹 0.3,3.4 짹 0.6,2.4 짹 0.1,2.1 짹 0.1,2.5 짹 0.0,3.3 짹 0.3,4.0 짹 0.3,4.4 짹 0.4,4.0 짹 0.0,4.0 짹 0.2,3.8 짹 0.3,3.4 짹 0.4,3.5 짹 0.0,3.8 짹 0.3,3.6 짹 0.2,3.6 짹 0.1,3.1 짹 0.1,4.1 짹 0.1,4.0 짹 0.0,4.0 짹 0.0,4.4 짹 0.2,4.9 짹 0.1,4.2 짹 0.0,4.6 짹 0.1,4.2 짹 0.3,4.8 짹 0.0,3.8 짹 0.3,3.0 짹 0.0,3.6 짹 0.1,3.9 짹 0.1,3.2 짹 0.3,3.0 짹 0.0,3.4 짹 0.4,3.0 짹 0.0,2.7 짹 0.3,2.9 짹 0.1,2.6 짹 0.4,3.0 짹 0.0,3.4 짹 0.4,3.0 짹 0.0,3.0 짹 0.0
Qwen2.5-32B-AWQ,3.2 짹 0.3,4.6 짹 0.5,4.6 짹 0.2,1.9 짹 0.7,4.0 짹 0.3,17.5 짹 3.6,8.0 짹 2.1,4.0 짹 2.1,11.0 짹 4.1,3.2 짹 0.5,3.6 짹 0.1,5.4 짹 0.4,4.3 짹 0.3,3.9 짹 0.6,3.8 짹 0.2,3.0 짹 1.0,100.0 짹 1.0,5.0 짹 0.1,38.5 짹 1.5,4.6 짹 0.1,3.3 짹 0.0,3.0 짹 0.0,3.8 짹 0.2,19.0 짹 1.0,4.4 짹 0.4,3.9 짹 0.1,4.5 짹 0.5,4.4 짹 0.4,2.9 짹 0.1,3.8 짹 0.3,2.8 짹 0.3,2.4 짹 0.1,2.8 짹 0.0,3.5 짹 0.0,4.2 짹 0.0,4.6 짹 0.1,4.5 짹 0.5,4.1 짹 0.4,4.1 짹 0.9,4.2 짹 0.5,3.8 짹 0.5,3.5 짹 0.5,3.9 짹 0.6,3.9 짹 0.1,3.5 짹 0.3,4.2 짹 0.8,3.9 짹 0.4,3.6 짹 0.6,4.1 짹 0.4,4.5 짹 0.5,4.0 짹 0.3,4.6 짹 0.1,4.2 짹 0.3,4.5 짹 0.5,4.4 짹 0.4,3.0 짹 0.0,3.6 짹 0.4,4.1 짹 0.1,3.5 짹 0.5,3.2 짹 0.3,3.2 짹 0.3,3.2 짹 0.3,3.0 짹 0.0,3.0 짹 0.0,2.6 짹 0.4,2.9 짹 0.1,3.5 짹 0.5,2.8 짹 0.3,3.4 짹 0.4
Qwen2.5-32B-2:4-Sparse,3.6 짹 0.2,3.9 짹 0.1,4.0 짹 0.1,2.0 짹 0.0,3.7 짹 0.5,16.5 짹 4.6,6.5 짹 3.6,19.5 짹 0.5,14.0 짹 0.0,5.5 짹 2.1,4.5 짹 0.5,5.8 짹 0.8,5.2 짹 0.3,4.4 짹 0.5,2.7 짹 0.7,2.8 짹 0.0,134.5 짹 0.5,5.4 짹 0.1,31.8 짹 0.9,3.9 짹 1.2,4.0 짹 0.3,4.5 짹 0.5,4.2 짹 0.2,22.5 짹 0.5,5.1 짹 0.1,4.4 짹 0.1,6.2 짹 0.5,5.6 짹 0.4,3.1 짹 0.1,3.7 짹 0.3,3.1 짹 0.1,3.2 짹 0.3,3.1 짹 0.4,3.9 짹 0.4,3.9 짹 0.1,4.0 짹 0.2,4.2 짹 0.3,4.2 짹 0.3,4.5 짹 0.0,4.6 짹 0.1,4.4 짹 0.1,4.0 짹 0.0,4.4 짹 0.1,4.4 짹 0.1,3.9 짹 0.1,4.5 짹 0.5,4.5 짹 0.3,4.4 짹 0.4,4.6 짹 0.4,4.2 짹 0.3,4.8 짹 0.3,4.5 짹 0.0,4.6 짹 0.1,4.5 짹 0.0,3.9 짹 0.6,3.8 짹 0.7,4.0 짹 0.5,4.4 짹 0.1,4.4 짹 0.1,4.2 짹 0.3,4.1 짹 0.4,4.2 짹 0.3,3.9 짹 0.6,3.9 짹 0.6,3.9 짹 0.6,4.4 짹 0.1,4.5 짹 0.0,3.8 짹 0.3,4.4 짹 0.1
Qwen2.5-32B-Unstructured-Sparse,3.5 짹 0.2,4.5 짹 0.2,4.4 짹 0.2,2.1 짹 0.1,4.0 짹 0.0,6.0 짹 3.3,10.1 짹 1.3,1.0 짹 1.0,17.1 짹 0.4,4.1 짹 0.6,5.6 짹 0.1,6.1 짹 1.2,5.3 짹 0.5,3.3 짹 1.5,3.5 짹 0.5,3.4 짹 0.6,117.5 짹 13.9,5.5 짹 0.1,38.5 짹 1.5,5.0 짹 0.3,3.7 짹 0.3,4.0 짹 0.3,4.3 짹 0.3,22.5 짹 1.5,5.8 짹 0.8,4.8 짹 0.5,6.4 짹 0.6,5.6 짹 0.1,3.4 짹 0.1,4.0 짹 0.3,2.6 짹 0.1,2.9 짹 0.1,3.0 짹 0.5,4.4 짹 0.1,4.2 짹 0.5,4.5 짹 0.3,4.9 짹 0.1,4.2 짹 0.5,4.2 짹 0.8,4.4 짹 0.4,4.8 짹 0.3,4.0 짹 0.5,3.8 짹 0.8,4.6 짹 0.1,3.9 짹 0.4,4.4 짹 0.4,4.6 짹 0.4,4.9 짹 0.1,4.8 짹 0.0,4.9 짹 0.1,4.4 짹 0.1,4.5 짹 0.5,4.5 짹 0.5,5.0 짹 0.0,4.6 짹 0.4,3.5 짹 0.2,3.6 짹 0.2,4.4 짹 0.4,4.1 짹 0.1,4.0 짹 0.0,3.9 짹 0.2,4.1 짹 0.1,3.0 짹 0.0,3.8 짹 0.3,2.9 짹 0.1,4.0 짹 0.0,4.5 짹 0.0,3.9 짹 0.2,4.0 짹 0.0
Llama3.1-8B-FP16,3.6 짹 0.4,4.9 짹 0.1,4.7 짹 0.2,1.5 짹 0.4,4.8 짹 0.2,20.0 짹 0.0,7.5 짹 0.5,22.5 짹 0.5,3.5 짹 0.5,6.1 짹 0.4,6.0 짹 1.3,7.1 짹 0.6,4.5 짹 0.5,4.5 짹 0.2,2.8 짹 0.1,2.1 짹 0.1,161.0 짹 4.1,5.0 짹 0.9,40.0 짹 0.0,3.1 짹 1.0,4.7 짹 0.0,5.0 짹 0.0,5.0 짹 0.0,24.0 짹 0.0,6.9 짹 0.1,5.6 짹 0.1,7.0 짹 0.0,6.4 짹 0.4,3.5 짹 0.0,3.4 짹 0.4,3.0 짹 0.0,3.5 짹 0.5,2.8 짹 0.0,4.2 짹 0.3,4.5 짹 0.0,5.0 짹 0.0,4.8 짹 0.3,4.6 짹 0.1,4.5 짹 0.0,4.9 짹 0.1,5.0 짹 0.0,4.4 짹 0.4,4.5 짹 0.5,4.6 짹 0.1,4.5 짹 0.0,4.9 짹 0.1,4.8 짹 0.3,5.0 짹 0.0,4.9 짹 0.1,5.0 짹 0.0,4.9 짹 0.1,5.0 짹 0.0,5.0 짹 0.0,5.0 짹 0.0,5.0 짹 0.0,4.5 짹 0.5,4.5 짹 0.0,5.0 짹 0.0,4.8 짹 0.3,4.6 짹 0.4,4.4 짹 0.4,4.8 짹 0.3,4.5 짹 0.5,4.4 짹 0.6,4.0 짹 0.3,4.9 짹 0.1,5.0 짹 0.0,4.2 짹 0.8,5.0 짹 0.0
Llama3.1-8B-BNB-4bit,4.3 짹 0.3,5.0 짹 0.0,4.7 짹 0.2,1.4 짹 0.1,4.2 짹 0.4,19.0 짹 1.0,6.2 짹 1.1,23.0 짹 0.0,3.5 짹 0.5,2.4 짹 0.4,5.3 짹 0.8,6.2 짹 1.7,5.1 짹 0.1,4.7 짹 0.5,4.7 짹 1.6,3.0 짹 0.9,155.0 짹 6.2,5.3 짹 0.8,40.0 짹 0.0,4.5 짹 0.3,4.8 짹 0.2,4.8 짹 0.2,5.0 짹 0.0,24.0 짹 0.0,6.2 짹 0.8,5.6 짹 0.4,6.8 짹 0.3,6.1 짹 0.9,4.5 짹 0.5,4.2 짹 0.6,3.2 짹 0.5,3.8 짹 1.3,2.5 짹 1.5,4.4 짹 0.4,4.8 짹 0.3,5.0 짹 0.0,5.0 짹 0.0,5.0 짹 0.0,4.7 짹 0.4,4.9 짹 0.2,4.8 짹 0.2,4.7 짹 0.3,4.6 짹 0.4,4.8 짹 0.3,4.5 짹 0.5,5.0 짹 0.0,4.8 짹 0.3,5.0 짹 0.0,4.9 짹 0.1,5.0 짹 0.1,5.0 짹 0.0,4.9 짹 0.1,4.9 짹 0.2,5.0 짹 0.0,5.0 짹 0.0,5.0 짹 0.0,4.8 짹 0.3,4.9 짹 0.1,4.9 짹 0.1,5.0 짹 0.1,4.9 짹 0.2,4.7 짹 0.3,4.4 짹 0.6,4.5 짹 0.5,4.2 짹 0.8,3.8 짹 1.3,5.0 짹 0.0,3.9 짹 1.2,5.0 짹 0.0
Llama3.1-8B-GPTQ-INT4,3.1 짹 0.1,4.6 짹 0.4,4.2 짹 0.1,1.9 짹 0.4,4.3 짹 0.2,17.0 짹 0.0,7.0 짹 2.1,12.0 짹 11.3,10.0 짹 5.1,1.2 짹 0.3,1.0 짹 0.0,1.0 짹 0.0,3.1 짹 2.2,5.1 짹 0.2,2.5 짹 1.6,3.4 짹 1.1,125.0 짹 5.1,5.0 짹 1.0,40.0 짹 0.0,3.4 짹 0.6,4.8 짹 0.2,5.0 짹 0.0,5.0 짹 0.0,20.0 짹 4.1,4.8 짹 0.8,4.2 짹 0.8,5.8 짹 0.8,4.9 짹 0.9,2.9 짹 0.1,3.5 짹 0.3,2.1 짹 0.6,2.4 짹 0.4,2.0 짹 0.5,4.1 짹 0.1,4.2 짹 0.3,5.0 짹 0.0,4.2 짹 0.3,4.8 짹 0.0,4.9 짹 0.1,4.5 짹 0.3,4.9 짹 0.1,4.1 짹 0.1,4.2 짹 0.3,4.9 짹 0.1,4.5 짹 0.3,4.5 짹 0.3,4.5 짹 0.3,4.5 짹 0.5,4.5 짹 0.3,4.6 짹 0.1,4.5 짹 0.3,4.6 짹 0.1,4.8 짹 0.3,4.9 짹 0.1,5.0 짹 0.0,4.1 짹 0.1,4.0 짹 0.5,4.5 짹 0.5,4.2 짹 0.5,4.5 짹 0.5,4.2 짹 0.5,4.6 짹 0.4,4.2 짹 0.8,4.0 짹 0.8,3.8 짹 0.5,4.0 짹 0.8,4.8 짹 0.3,4.2 짹 0.5,4.6 짹 0.4
Llama3.1-8B-AWQ,3.8 짹 0.9,4.6 짹 0.4,4.3 짹 0.6,1.7 짹 0.4,4.8 짹 0.2,19.0 짹 1.0,8.5 짹 0.5,17.5 짹 6.7,5.0 짹 3.1,3.0 짹 2.1,4.0 짹 3.1,5.0 짹 4.1,5.5 짹 0.0,5.0 짹 0.1,3.4 짹 0.2,2.5 짹 0.3,163.0 짹 2.1,6.0 짹 0.1,40.0 짹 0.0,4.1 짹 0.1,4.7 짹 0.0,5.0 짹 0.0,5.0 짹 0.0,19.5 짹 4.6,6.2 짹 0.0,5.4 짹 0.1,7.0 짹 0.0,6.2 짹 0.5,3.0 짹 0.0,3.5 짹 0.3,1.9 짹 0.6,3.6 짹 0.6,2.0 짹 0.8,4.4 짹 0.1,4.1 짹 0.1,4.8 짹 0.3,5.0 짹 0.0,4.9 짹 0.1,5.0 짹 0.0,5.0 짹 0.0,4.6 짹 0.4,4.9 짹 0.1,5.0 짹 0.0,4.9 짹 0.1,4.6 짹 0.1,4.8 짹 0.0,4.8 짹 0.0,5.0 짹 0.0,4.8 짹 0.0,5.0 짹 0.0,5.0 짹 0.0,4.5 짹 0.3,5.0 짹 0.0,5.0 짹 0.0,4.8 짹 0.3,4.5 짹 0.5,3.9 짹 0.1,5.0 짹 0.0,4.9 짹 0.1,4.5 짹 0.5,4.1 짹 0.6,4.8 짹 0.3,4.4 짹 0.6,4.5 짹 0.3,3.9 짹 0.4,4.5 짹 0.5,4.8 짹 0.3,4.6 짹 0.4,5.0 짹 0.0
Llama3.1-8B-2:4-Sparse,4.0 짹 0.5,4.4 짹 0.3,3.9 짹 0.7,1.9 짹 0.7,4.4 짹 0.2,20.0 짹 0.0,13.0 짹 0.0,24.0 짹 0.0,6.0 짹 0.0,9.0 짹 0.0,9.0 짹 0.0,9.0 짹 0.0,7.0 짹 0.0,7.0 짹 0.0,5.9 짹 0.5,3.2 짹 0.3,130.0 짹 0.0,4.1 짹 0.2,40.0 짹 0.0,3.2 짹 0.6,4.8 짹 0.2,5.0 짹 0.0,4.8 짹 0.2,11.0 짹 2.1,6.6 짹 0.4,7.0 짹 0.0,7.0 짹 0.0,6.2 짹 0.8,4.6 짹 0.4,4.6 짹 0.4,4.8 짹 0.3,4.6 짹 0.4,4.4 짹 0.6,4.6 짹 0.4,4.6 짹 0.4,4.8 짹 0.3,4.8 짹 0.3,4.8 짹 0.2,4.5 짹 0.5,4.6 짹 0.4,4.5 짹 0.5,4.5 짹 0.5,4.5 짹 0.5,4.5 짹 0.5,4.4 짹 0.6,4.8 짹 0.3,4.5 짹 0.5,4.6 짹 0.4,4.6 짹 0.4,4.6 짹 0.4,4.6 짹 0.4,4.5 짹 0.5,4.5 짹 0.5,4.6 짹 0.4,4.5 짹 0.5,4.5 짹 0.5,4.8 짹 0.3,4.5 짹 0.5,4.8 짹 0.3,4.8 짹 0.3,4.6 짹 0.4,4.4 짹 0.6,4.6 짹 0.4,4.5 짹 0.5,4.6 짹 0.4,4.5 짹 0.5,4.9 짹 0.1,4.6 짹 0.4,4.4 짹 0.6
Llama3.1-8B-Unstructured-Sparse,5.0 짹 0.0,5.0 짹 0.0,4.8 짹 0.2,1.6 짹 0.4,5.0 짹 0.1,22.0 짹 0.0,7.5 짹 1.5,18.5 짹 0.5,15.0 짹 2.1,9.0 짹 0.0,9.0 짹 0.0,9.0 짹 0.0,6.2 짹 0.4,4.9 짹 0.3,3.9 짹 2.3,2.2 짹 0.5,162.5 짹 1.5,4.9 짹 1.4,40.0 짹 0.0,3.2 짹 1.0,4.7 짹 0.0,4.8 짹 0.2,4.7 짹 0.0,24.0 짹 0.0,6.6 짹 0.4,6.5 짹 0.5,6.4 짹 0.6,6.5 짹 0.5,4.9 짹 0.1,5.0 짹 0.0,5.0 짹 0.0,5.0 짹 0.0,3.0 짹 2.1,5.0 짹 0.0,5.0 짹 0.0,5.0 짹 0.0,5.0 짹 0.0,5.0 짹 0.0,5.0 짹 0.0,5.0 짹 0.0,4.9 짹 0.1,5.0 짹 0.0,5.0 짹 0.0,5.0 짹 0.0,5.0 짹 0.0,5.0 짹 0.0,5.0 짹 0.0,5.0 짹 0.0,5.0 짹 0.0,4.9 짹 0.1,5.0 짹 0.0,5.0 짹 0.0,4.9 짹 0.1,5.0 짹 0.0,5.0 짹 0.0,5.0 짹 0.0,5.0 짹 0.0,5.0 짹 0.0,5.0 짹 0.0,5.0 짹 0.0,5.0 짹 0.0,5.0 짹 0.0,5.0 짹 0.0,5.0 짹 0.0,5.0 짹 0.0,5.0 짹 0.0,5.0 짹 0.0,5.0 짹 0.0,5.0 짹 0.0
Llama-70B-FP16,3.6 짹 1.3,5.0 짹 0.0,4.9 짹 0.1,1.3 짹 0.3,4.5 짹 0.6,20.0 짹 0.0,1.0 짹 0.0,0.0 짹 0.0,21.0 짹 0.0,2.0 짹 0.3,2.8 짹 0.5,6.5 짹 1.0,2.4 짹 1.1,4.8 짹 0.1,2.2 짹 0.3,1.9 짹 0.1,41.0 짹 4.1,6.7 짹 0.0,39.5 짹 0.5,4.8 짹 0.6,4.8 짹 0.2,4.8 짹 0.2,5.0 짹 0.0,24.0 짹 0.0,5.9 짹 0.1,5.5 짹 0.5,6.5 짹 0.5,5.4 짹 0.4,2.5 짹 0.5,3.6 짹 0.6,2.0 짹 0.0,1.5 짹 0.5,1.8 짹 0.8,3.4 짹 0.4,4.0 짹 0.3,4.9 짹 0.1,4.5 짹 0.5,3.9 짹 0.9,4.0 짹 1.0,3.9 짹 0.9,3.9 짹 0.9,4.2 짹 0.3,4.1 짹 0.1,3.6 짹 0.6,3.2 짹 0.3,4.6 짹 0.4,4.5 짹 0.3,4.5 짹 0.5,4.9 짹 0.1,4.9 짹 0.1,4.5 짹 0.5,4.4 짹 0.1,4.1 짹 0.1,5.0 짹 0.0,3.9 짹 0.9,3.6 짹 0.4,3.6 짹 0.4,4.6 짹 0.4,3.4 짹 0.4,3.8 짹 0.3,3.9 짹 0.1,3.0 짹 0.0,2.4 짹 0.6,3.4 짹 0.6,2.5 짹 0.8,3.0 짹 0.0,4.4 짹 0.1,2.4 짹 0.1,3.9 짹 0.1
Llama-70B-4bit,4.2 짹 0.7,5.0 짹 0.0,4.9 짹 0.1,1.2 짹 0.1,4.9 짹 0.1,22.0 짹 1.0,2.5 짹 1.5,4.0 짹 0.0,18.5 짹 2.6,7.4 짹 0.1,7.5 짹 0.0,8.4 짹 0.4,4.5 짹 1.1,4.9 짹 0.3,4.3 짹 0.8,3.3 짹 1.4,89.0 짹 45.1,6.4 짹 0.6,39.0 짹 0.0,5.2 짹 0.1,5.0 짹 0.0,4.6 짹 0.4,5.0 짹 0.0,24.0 짹 0.0,6.0 짹 0.3,5.9 짹 0.1,7.0 짹 0.0,5.2 짹 0.5,2.9 짹 0.9,4.0 짹 0.3,2.6 짹 0.4,2.0 짹 0.1,2.0 짹 1.0,3.5 짹 0.0,4.1 짹 0.4,4.5 짹 0.5,4.5 짹 0.5,3.6 짹 0.6,3.3 짹 1.4,4.1 짹 0.6,4.0 짹 0.0,3.5 짹 0.5,3.1 짹 1.2,3.9 짹 0.4,3.5 짹 0.1,4.6 짹 0.4,4.6 짹 0.1,4.5 짹 0.5,4.8 짹 0.0,4.9 짹 0.1,4.4 짹 0.4,4.4 짹 0.1,4.0 짹 0.0,5.0 짹 0.0,3.8 짹 0.3,3.6 짹 0.4,3.8 짹 0.3,4.0 짹 0.1,3.8 짹 0.2,3.5 짹 0.3,3.8 짹 0.0,3.2 짹 0.3,2.6 짹 0.4,3.5 짹 0.5,2.3 짹 0.2,3.5 짹 0.5,4.3 짹 0.1,2.6 짹 0.5,3.9 짹 0.2
Llama-70B-AWQ,3.4 짹 0.4,5.0 짹 0.0,4.8 짹 0.2,1.1 짹 0.1,4.5 짹 0.5,19.5 짹 1.5,4.0 짹 3.1,11.0 짹 11.3,16.5 짹 4.6,2.1 짹 0.4,3.1 짹 0.4,7.8 짹 0.3,4.5 짹 0.7,4.7 짹 0.2,3.4 짹 1.3,2.1 짹 0.3,37.0 짹 0.0,6.2 짹 0.5,37.5 짹 1.5,5.3 짹 0.1,5.0 짹 0.0,4.5 짹 0.5,5.0 짹 0.0,22.5 짹 1.5,6.0 짹 0.3,5.9 짹 0.1,6.9 짹 0.1,5.8 짹 0.0,3.0 짹 0.3,4.0 짹 0.8,2.4 짹 0.4,2.5 짹 0.5,2.1 짹 0.6,3.8 짹 0.3,4.1 짹 0.4,4.8 짹 0.3,4.2 짹 0.3,3.5 짹 0.5,3.0 짹 1.0,3.1 짹 0.9,3.5 짹 0.5,4.0 짹 0.0,3.9 짹 0.4,3.8 짹 0.3,3.6 짹 0.1,4.8 짹 0.0,4.8 짹 0.0,4.5 짹 0.5,4.9 짹 0.1,5.0 짹 0.0,4.8 짹 0.3,4.6 짹 0.1,4.0 짹 0.0,5.0 짹 0.0,4.4 짹 0.4,3.6 짹 0.4,3.8 짹 0.3,4.0 짹 0.0,3.4 짹 0.4,3.8 짹 0.3,3.6 짹 0.4,3.2 짹 0.3,3.0 짹 0.0,3.6 짹 0.4,3.0 짹 0.3,3.6 짹 0.1,4.5 짹 0.0,3.2 짹 0.8,3.9 짹 0.1
Llama-70B-GPTQ-INT4,3.3 짹 0.0,4.9 짹 0.1,4.8 짹 0.1,1.4 짹 0.1,4.8 짹 0.2,19.5 짹 0.5,1.5 짹 0.5,0.0 짹 0.0,20.0 짹 1.0,4.5 짹 2.8,3.5 짹 1.3,7.6 짹 0.1,4.3 짹 0.9,4.6 짹 0.3,4.1 짹 1.2,2.2 짹 0.3,151.0 짹 14.4,5.8 짹 0.0,39.0 짹 0.0,4.9 짹 0.5,4.8 짹 0.2,4.8 짹 0.2,5.0 짹 0.0,22.0 짹 1.0,5.9 짹 0.1,5.8 짹 0.3,6.8 짹 0.4,5.6 짹 0.3,2.4 짹 0.4,3.5 짹 0.5,2.0 짹 0.0,2.0 짹 0.0,2.0 짹 1.0,3.4 짹 0.4,4.2 짹 0.3,4.6 짹 0.4,4.5 짹 0.5,3.8 짹 0.8,3.8 짹 0.8,3.7 짹 0.7,3.5 짹 0.6,4.0 짹 0.0,4.1 짹 0.1,3.5 짹 0.5,3.0 짹 0.5,4.6 짹 0.4,5.0 짹 0.0,4.5 짹 0.5,5.0 짹 0.0,5.0 짹 0.0,4.8 짹 0.3,4.4 짹 0.1,4.4 짹 0.4,5.0 짹 0.0,3.9 짹 0.4,4.0 짹 0.0,3.5 짹 0.0,5.0 짹 0.0,3.9 짹 0.9,4.0 짹 0.3,4.0 짹 0.3,3.6 짹 0.6,2.0 짹 0.0,3.5 짹 0.5,2.0 짹 0.3,3.8 짹 0.3,4.6 짹 0.1,3.2 짹 0.8,4.0 짹 0.0
Llama-70B-GPTQ-INT8,3.5 짹 1.2,5.0 짹 0.0,4.8 짹 0.1,1.5 짹 0.1,4.3 짹 0.3,21.0 짹 1.0,2.5 짹 1.5,0.0 짹 0.0,21.0 짹 0.0,3.4 짹 1.7,3.0 짹 0.8,7.9 짹 0.4,4.2 짹 0.7,4.7 짹 0.1,2.6 짹 0.2,2.1 짹 0.1,96.5 짹 61.0,6.5 짹 0.3,39.0 짹 0.0,3.5 짹 2.0,5.0 짹 0.0,5.0 짹 0.0,5.0 짹 0.0,22.5 짹 1.5,6.4 짹 0.6,6.0 짹 0.0,6.5 짹 0.5,5.9 짹 0.9,2.2 짹 0.3,4.0 짹 0.3,2.0 짹 0.0,1.9 짹 0.1,1.5 짹 0.5,3.4 짹 0.4,4.0 짹 0.3,4.8 짹 0.3,4.4 짹 0.4,3.9 짹 0.9,4.0 짹 1.0,4.0 짹 1.0,4.0 짹 1.0,4.5 짹 0.5,4.5 짹 0.3,3.9 짹 0.9,3.4 짹 0.4,4.6 짹 0.4,4.4 짹 0.1,4.5 짹 0.5,4.8 짹 0.0,4.9 짹 0.1,4.5 짹 0.5,4.5 짹 0.0,4.5 짹 0.5,5.0 짹 0.0,3.9 짹 0.9,4.0 짹 0.0,3.9 짹 0.1,4.6 짹 0.4,3.0 짹 0.0,3.4 짹 0.6,3.6 짹 0.4,3.2 짹 0.3,2.9 짹 0.1,3.6 짹 0.4,3.1 짹 0.1,3.1 짹 0.1,4.6 짹 0.1,2.9 짹 0.4,4.0 짹 0.3
Llama70B-2:4-Sparse,4.5 짹 0.5,4.9 짹 0.1,4.7 짹 0.0,1.4 짹 0.1,4.8 짹 0.1,22.5 짹 0.5,4.0 짹 1.0,22.5 짹 0.5,15.0 짹 0.0,8.1 짹 0.6,7.8 짹 0.3,8.2 짹 0.3,5.6 짹 0.4,4.6 짹 0.3,3.5 짹 0.8,2.1 짹 0.1,163.5 짹 0.5,6.2 짹 0.3,40.0 짹 0.0,3.4 짹 1.1,4.8 짹 0.2,5.0 짹 0.0,5.0 짹 0.0,24.0 짹 0.0,5.7 짹 0.3,6.0 짹 0.5,6.5 짹 0.5,6.0 짹 0.3,4.1 짹 0.6,4.1 짹 0.6,4.0 짹 0.5,3.0 짹 1.0,2.0 짹 0.0,4.9 짹 0.1,4.8 짹 0.0,5.0 짹 0.0,5.0 짹 0.0,4.1 짹 0.1,4.9 짹 0.1,5.0 짹 0.0,5.0 짹 0.0,5.0 짹 0.0,5.0 짹 0.0,5.0 짹 0.0,4.1 짹 0.1,5.0 짹 0.0,5.0 짹 0.0,5.0 짹 0.0,5.0 짹 0.0,5.0 짹 0.0,5.0 짹 0.0,4.6 짹 0.1,5.0 짹 0.0,5.0 짹 0.0,5.0 짹 0.0,5.0 짹 0.0,4.8 짹 0.3,5.0 짹 0.0,4.6 짹 0.4,4.6 짹 0.4,4.9 짹 0.1,4.5 짹 0.5,3.5 짹 1.5,4.5 짹 0.5,3.8 짹 1.3,4.9 짹 0.1,5.0 짹 0.0,4.9 짹 0.1,4.2 짹 0.8
Llama70B-Unstructured-Sparse,4.2 짹 0.3,5.0 짹 0.0,4.9 짹 0.1,1.1 짹 0.1,4.8 짹 0.1,19.9 짹 0.4,1.0 짹 0.0,0.0 짹 0.0,21.0 짹 0.0,5.0 짹 1.5,4.4 짹 1.2,5.6 짹 1.9,2.4 짹 1.5,1.8 짹 0.5,2.3 짹 0.3,1.9 짹 0.1,45.0 짹 0.0,6.0 짹 0.1,39.0 짹 0.0,5.1 짹 0.3,4.7 짹 0.0,5.0 짹 0.0,5.0 짹 0.0,21.5 짹 0.5,5.9 짹 0.1,6.0 짹 0.0,6.5 짹 0.5,6.0 짹 0.0,3.4 짹 0.1,4.2 짹 0.5,2.9 짹 0.1,3.0 짹 0.2,2.6 짹 1.2,4.5 짹 0.0,4.8 짹 0.0,5.0 짹 0.0,4.5 짹 0.5,4.6 짹 0.4,5.0 짹 0.0,5.0 짹 0.0,5.0 짹 0.0,4.9 짹 0.1,4.9 짹 0.1,4.6 짹 0.1,3.7 짹 0.1,5.0 짹 0.0,4.8 짹 0.3,4.5 짹 0.5,4.9 짹 0.1,5.0 짹 0.0,4.8 짹 0.1,4.8 짹 0.2,5.0 짹 0.1,5.0 짹 0.0,5.0 짹 0.0,4.5 짹 0.5,3.9 짹 0.1,4.7 짹 0.3,4.4 짹 0.4,4.2 짹 0.3,4.4 짹 0.6,4.4 짹 0.7,3.1 짹 0.9,3.6 짹 0.4,2.4 짹 0.6,4.5 짹 0.6,4.9 짹 0.1,4.1 짹 0.1,4.1 짹 0.1
DeepSeek-V2-Lite-16B-FP16,3.6 짹 0.1,3.9 짹 0.3,3.7 짹 0.2,2.5 짹 0.3,3.8 짹 0.1,13.1 짹 0.2,7.0 짹 1.0,12.5 짹 1.5,16.4 짹 0.6,3.8 짹 1.3,5.8 짹 0.8,5.5 짹 0.5,6.9 짹 0.2,5.5 짹 1.2,5.7 짹 1.1,4.4 짹 0.5,137.6 짹 1.5,5.2 짹 0.1,30.0 짹 0.0,3.5 짹 0.4,3.6 짹 0.3,4.0 짹 0.2,4.0 짹 0.1,13.6 짹 0.5,5.6 짹 0.1,5.9 짹 0.1,6.4 짹 0.1,6.9 짹 0.1,4.0 짹 0.5,3.8 짹 0.3,3.9 짹 0.4,3.2 짹 0.2,3.1 짹 0.1,3.4 짹 0.4,4.1 짹 0.6,4.5 짹 0.0,4.8 짹 0.3,4.9 짹 0.2,4.5 짹 0.5,4.5 짹 0.5,4.5 짹 0.5,4.8 짹 0.3,4.5 짹 0.5,4.6 짹 0.4,4.5 짹 0.5,4.5 짹 0.5,4.4 짹 0.4,5.0 짹 0.0,5.0 짹 0.0,4.9 짹 0.1,4.8 짹 0.2,5.0 짹 0.1,4.7 짹 0.2,5.0 짹 0.0,4.7 짹 0.2,4.0 짹 1.0,4.9 짹 0.1,4.9 짹 0.1,4.9 짹 0.1,5.0 짹 0.1,4.8 짹 0.3,4.5 짹 0.5,4.2 짹 0.8,4.6 짹 0.4,4.3 짹 0.6,4.8 짹 0.2,4.7 짹 0.3,4.1 짹 0.9,4.6 짹 0.4
DeepSeek-V2-Lite-16B-BNB-4bit,3.4 짹 0.0,3.3 짹 0.3,3.4 짹 0.1,2.7 짹 0.1,3.7 짹 0.2,13.9 짹 1.3,2.6 짹 1.2,8.8 짹 4.1,15.4 짹 0.5,5.3 짹 2.2,6.8 짹 0.6,6.5 짹 0.6,4.4 짹 2.9,5.3 짹 1.8,4.1 짹 1.4,3.0 짹 0.1,142.5 짹 6.8,5.0 짹 0.4,29.1 짹 1.0,3.4 짹 0.2,4.0 짹 0.1,3.8 짹 0.2,4.0 짹 0.1,12.6 짹 0.6,4.0 짹 2.1,4.3 짹 2.4,4.0 짹 2.1,4.5 짹 2.4,4.2 짹 0.3,4.0 짹 0.6,4.5 짹 0.1,4.3 짹 0.3,3.9 짹 0.3,4.5 짹 0.3,4.8 짹 0.2,4.8 짹 0.2,5.0 짹 0.0,5.0 짹 0.0,4.8 짹 0.3,4.8 짹 0.3,4.7 짹 0.4,4.7 짹 0.3,4.9 짹 0.2,4.5 짹 0.5,4.2 짹 0.5,4.4 짹 0.4,4.9 짹 0.1,5.0 짹 0.0,4.9 짹 0.1,4.8 짹 0.3,4.4 짹 0.4,4.8 짹 0.1,5.0 짹 0.1,4.8 짹 0.2,4.9 짹 0.1,3.8 짹 0.3,4.9 짹 0.1,4.4 짹 0.4,4.6 짹 0.3,4.4 짹 0.2,4.9 짹 0.1,4.7 짹 0.3,4.9 짹 0.1,4.8 짹 0.3,4.6 짹 0.4,4.4 짹 0.1,4.8 짹 0.3,3.6 짹 0.6,4.9 짹 0.1
DeepSeek-V2-Lite-16B-AWQ,3.1 짹 0.2,3.9 짹 0.7,3.5 짹 0.6,2.3 짹 0.7,4.0 짹 0.6,9.9 짹 1.1,12.6 짹 0.6,6.2 짹 0.9,15.5 짹 0.5,3.0 짹 0.5,3.7 짹 1.0,3.0 짹 1.3,6.7 짹 0.3,5.6 짹 0.8,4.2 짹 0.3,3.6 짹 0.2,97.5 짹 44.6,4.6 짹 0.1,29.0 짹 0.0,3.4 짹 0.3,4.3 짹 0.3,4.7 짹 0.3,5.0 짹 0.0,14.4 짹 1.5,5.0 짹 1.0,4.8 짹 0.8,5.8 짹 0.1,5.9 짹 0.4,3.4 짹 0.4,3.2 짹 0.3,3.5 짹 0.5,3.6 짹 0.2,3.8 짹 0.3,3.1 짹 0.6,3.2 짹 0.8,3.5 짹 0.5,3.8 짹 0.8,3.3 짹 0.8,3.5 짹 0.5,3.4 짹 0.7,3.5 짹 0.5,3.5 짹 0.5,3.8 짹 0.3,3.4 짹 0.5,3.1 짹 0.7,3.6 짹 0.8,3.4 짹 0.5,3.4 짹 1.0,3.8 짹 0.7,3.9 짹 0.4,3.4 짹 0.5,3.4 짹 0.7,4.0 짹 0.6,4.1 짹 0.4,3.7 짹 0.7,3.5 짹 0.5,3.5 짹 0.5,3.6 짹 0.6,3.6 짹 0.7,3.5 짹 0.8,3.6 짹 0.7,3.5 짹 0.6,4.0 짹 0.5,3.8 짹 0.8,3.2 짹 0.8,3.5 짹 0.6,3.6 짹 0.6,3.2 짹 0.7,3.8 짹 0.9
DeepSeek-V2-Lite-16B-2:4-Sparse,3.2 짹 0.2,3.1 짹 0.1,3.1 짹 0.1,3.0 짹 0.0,3.0 짹 0.1,5.0 짹 0.0,20.0 짹 0.0,1.0 짹 0.0,15.0 짹 0.0,3.9 짹 0.6,6.8 짹 0.8,4.8 짹 0.3,5.3 짹 1.6,5.2 짹 1.1,4.0 짹 0.1,4.1 짹 0.0,97.0 짹 5.1,4.6 짹 0.0,32.0 짹 1.0,3.2 짹 0.6,2.2 짹 0.2,3.5 짹 0.5,3.3 짹 0.3,12.5 짹 1.5,3.4 짹 0.9,4.4 짹 1.2,3.8 짹 0.3,4.5 짹 0.5,3.2 짹 0.6,3.2 짹 0.3,3.2 짹 0.8,3.0 짹 0.8,1.8 짹 0.8,2.9 짹 0.4,2.8 짹 1.0,3.5 짹 0.1,3.0 짹 1.0,4.0 짹 0.2,3.0 짹 1.0,2.7 짹 1.1,3.1 짹 0.6,3.3 짹 0.2,3.2 짹 0.5,2.7 짹 1.8,3.6 짹 0.4,4.3 짹 0.6,3.7 짹 0.2,4.2 짹 0.5,3.0 짹 0.9,3.4 짹 0.6,4.0 짹 0.4,3.1 짹 0.7,3.3 짹 0.3,3.0 짹 1.0,3.9 짹 0.4,3.2 짹 0.6,3.1 짹 0.3,3.5 짹 0.5,3.9 짹 0.6,3.6 짹 0.9,4.4 짹 0.4,3.2 짹 0.8,3.1 짹 0.8,3.5 짹 0.3,3.1 짹 0.4,2.8 짹 1.4,3.6 짹 0.6,2.6 짹 1.4,3.2 짹 0.6
DeepSeek-V2-Lite-16B-Unstructured-Sparse,3.5 짹 1.0,3.6 짹 0.8,3.1 짹 0.3,2.3 짹 0.2,3.2 짹 1.4,8.7 짹 0.9,14.3 짹 0.7,8.8 짹 1.5,13.5 짹 0.5,1.0 짹 0.0,1.0 짹 0.0,1.0 짹 0.0,4.5 짹 2.3,4.7 짹 2.4,2.2 짹 0.9,4.0 짹 0.1,112.1 짹 12.4,6.1 짹 0.9,29.5 짹 0.5,3.9 짹 0.4,3.7 짹 0.7,5.0 짹 0.0,4.5 짹 0.5,14.0 짹 1.0,4.8 짹 2.3,6.2 짹 0.8,5.5 짹 1.5,5.5 짹 1.5,3.5 짹 0.2,3.1 짹 0.3,3.5 짹 0.5,3.1 짹 0.3,3.0 짹 0.1,4.0 짹 0.1,3.6 짹 0.5,3.5 짹 0.1,4.5 짹 0.5,4.5 짹 0.5,4.5 짹 0.5,4.5 짹 0.5,4.3 짹 0.8,4.0 짹 1.0,4.0 짹 1.0,3.8 짹 0.4,4.1 짹 0.2,3.9 짹 0.6,4.2 짹 0.3,4.3 짹 0.3,3.9 짹 0.8,4.1 짹 0.2,3.4 짹 0.4,4.2 짹 0.4,4.3 짹 0.8,4.5 짹 0.5,4.1 짹 1.0,4.5 짹 0.5,4.2 짹 0.8,4.3 짹 0.8,3.8 짹 0.4,3.8 짹 0.8,4.1 짹 1.0,4.1 짹 1.0,4.3 짹 0.7,4.2 짹 0.9,4.0 짹 0.2,3.1 짹 0.3,4.3 짹 0.8,4.5 짹 0.5,4.3 짹 0.8
